{"nm":"Comp 1","mn":"","layers":[{"ty":0,"nm":"Pre-comp 1","mn":"","sr":1,"st":0,"op":300.00001221925,"ip":0,"hd":false,"cl":"","ln":"","ddd":0,"bm":0,"hasMask":false,"ao":0,"ks":{"a":{"a":0,"k":[250,250,0],"ix":1},"s":{"a":0,"k":[15,15,100],"ix":6},"sk":{"a":0,"k":0},"p":{"a":0,"k":[25,22,0],"ix":2},"r":{"a":0,"k":0,"ix":10},"sa":{"a":0,"k":0},"o":{"a":0,"k":100,"ix":11}},"ef":[],"w":500,"h":500,"refId":"comp_0","ind":1}],"ddd":0,"h":50,"w":50,"meta":{"a":"","k":"","d":"","g":"@lottiefiles/toolkit-js 0.22.1","tc":"#000000"},"v":"5.6.3","fr":29.9700012207031,"op":30.0000012219251,"ip":0,"assets":[{"nm":"","mn":"","layers":[{"ty":4,"nm":"Yte line","mn":"","sr":1,"st":0,"op":300.00001221925,"ip":0,"hd":false,"cl":"","ln":"","ddd":0,"bm":0,"hasMask":false,"ao":0,"ks":{"a":{"a":0,"k":[253.025,278.22,0],"ix":1},"s":{"a":0,"k":[85,85,100],"ix":6},"sk":{"a":0,"k":0},"p":{"a":0,"k":[253.025,278.22,0],"ix":2},"r":{"a":0,"k":0,"ix":10},"sa":{"a":0,"k":0},"o":{"a":0,"k":100,"ix":11}},"ef":[],"shapes":[{"ty":"gr","bm":0,"cl":"","ln":"","hd":false,"mn":"ADBE Vector Group","nm":"Group 3","ix":1,"cix":2,"np":2,"it":[{"ty":"sh","bm":0,"cl":"","ln":"","hd":false,"mn":"ADBE Vector Shape - Group","nm":"Path 1","ix":1,"d":1,"ks":{"a":0,"k":{"c":true,"i":[[-3.676,-37.704],[1.38,-6.94],[0,0],[-0.453,7.436],[-21.537,9.351],[-0.011,0],[0,0],[-1.759,0.5],[0,4.141],[2.799,2.071],[1.869,0.74],[0,41.04],[-1.349,6.87],[0,0],[0,-7.37],[30.491,-11.88],[1.93,-0.55],[0,-4.02],[-2.929,-2.05],[-1.71,-0.66],[-0.011,-0.01]],"o":[[0.723,7.415],[0,0],[-1.381,-6.94],[2.441,-40.057],[0.009,-0.01],[0,0],[1.701,-0.67],[2.931,-2.05],[0,-4.02],[-2.144,-1.782],[-30.491,-11.88],[0,-7.37],[0,0],[1.35,6.87],[0,41.04],[-1.87,0.74],[-12.485,3.953],[0,4.141],[1.761,0.5],[0.01,0],[28.232,13.322]],"v":[[75.706,99.21],[73.595,129.664],[-73.594,129.664],[-75.705,99.21],[-22.904,25.391],[-22.884,23.91],[-21.111,22.734],[-17.686,20.689],[-9.129,1.458],[-13.621,-17.153],[-23.134,-23.494],[-75.705,-108.254],[-73.645,-129.664],[73.645,-129.664],[75.706,-108.254],[23.145,-23.494],[17.456,-21.565],[6.932,4.252],[11.812,17.675],[19.071,22.072],[26.151,27.302]]},"ix":2}},{"ty":"st","bm":0,"cl":"","ln":"","hd":false,"mn":"ADBE Vector Graphic - Stroke","nm":"Stroke 1","lc":1,"lj":1,"ml":10,"o":{"a":0,"k":100,"ix":4},"w":{"a":0,"k":12,"ix":5},"d":[],"c":{"a":0,"k":[1,1,1],"ix":3}},{"ty":"tr","a":{"a":0,"k":[0,0],"ix":1},"s":{"a":0,"k":[100,100],"ix":3},"sk":{"a":0,"k":0,"ix":4},"p":{"a":0,"k":[253.025,278.22],"ix":2},"r":{"a":0,"k":0,"ix":6},"sa":{"a":0,"k":0,"ix":5},"o":{"a":0,"k":100,"ix":7}}]}],"ind":1,"parent":3},{"ty":4,"nm":"Shape Layer 1","mn":"","sr":1,"st":0,"op":300.00001221925,"ip":0,"hd":false,"cl":"","ln":"","ddd":0,"bm":0,"hasMask":false,"ao":0,"ks":{"a":{"a":0,"k":[0,0,0],"ix":1},"s":{"a":0,"k":[100,100,100],"ix":6},"sk":{"a":0,"k":0},"p":{"a":0,"k":[250,250,0],"ix":2},"r":{"a":0,"k":0,"ix":10},"sa":{"a":0,"k":0},"o":{"a":0,"k":100,"ix":11}},"ef":[],"shapes":[{"ty":"gr","bm":0,"cl":"","ln":"","hd":false,"mn":"ADBE Vector Group","nm":"Shape 2","ix":1,"cix":2,"np":3,"it":[{"ty":"sh","bm":0,"cl":"","ln":"","hd":false,"mn":"ADBE Vector Shape - Group","nm":"Path 1","ix":1,"d":1,"ks":{"a":0,"k":{"c":false,"i":[[0,0]],"o":[[0,0]],"v":[[-98.75,124.5]]},"ix":2}},{"ty":"fl","bm":0,"cl":"","ln":"","hd":false,"mn":"ADBE Vector Graphic - Fill","nm":"Fill 1","c":{"a":0,"k":[0.0196,0.7098,0.0392],"ix":4},"r":1,"o":{"a":0,"k":100,"ix":5}},{"ty":"tr","a":{"a":0,"k":[0,0],"ix":1},"s":{"a":0,"k":[100,100],"ix":3},"sk":{"a":0,"k":0,"ix":4},"p":{"a":0,"k":[0,0],"ix":2},"r":{"a":0,"k":0,"ix":6},"sa":{"a":0,"k":0,"ix":5},"o":{"a":0,"k":100,"ix":7}}]},{"ty":"gr","bm":0,"cl":"","ln":"","hd":false,"mn":"ADBE Vector Group","nm":"Shape 1","ix":2,"cix":2,"np":3,"it":[{"ty":"sh","bm":0,"cl":"","ln":"","hd":false,"mn":"ADBE Vector Shape - Group","nm":"Path 1","ix":1,"d":1,"ks":{"a":1,"k":[{"o":{"x":0.167,"y":0.167},"i":{"x":0.667,"y":1},"s":[{"c":true,"i":[[0,0],[-3.561,-11.554],[-9.507,-10.482],[-9.099,-5.775],[-1.783,-1.464],[-0.239,-0.694],[-0.612,-3.484],[-0.162,-2.75],[-0.014,-0.326],[-0.013,-0.317],[-0.088,-0.826],[-0.427,-0.752],[-0.763,0.263],[-0.527,0.937],[-0.173,0.409],[-0.075,0.206],[-0.267,0.851],[-0.079,0.825],[-1.281,3.798],[-3.112,2.245],[-6.758,5.974],[-4.852,10.519],[-1.704,12.539],[0,0]],"o":[[0,0],[4.168,13.523],[7.24,7.983],[1.948,1.236],[0.567,0.466],[1.152,3.345],[0.477,2.714],[0.019,0.326],[0.013,0.317],[0.033,0.83],[0.092,0.86],[0.398,0.701],[1.016,-0.35],[0.218,-0.387],[0.085,-0.202],[0.304,-0.838],[0.249,-0.791],[0.384,-3.989],[1.226,-3.636],[7.316,-5.277],[8.68,-7.673],[5.3,-11.491],[0.654,-4.815],[0,0]],"v":[[-60.5,-81.25],[-59.25,-45],[-38,-8.25],[-10.5,8.75],[-4.872,12.778],[-3.5,14.5],[-0.75,24.75],[-0.25,33],[-0.206,33.979],[-0.17,34.93],[-0.067,37.42],[0.369,39.978],[2.25,41.5],[3.931,38.749],[4.479,37.536],[4.704,36.919],[5.615,34.404],[6.25,32],[7,20],[13.5,10.5],[37.5,-2],[58.75,-29.5],[67.25,-66.5],[65.75,-81]]}],"t":0},{"o":{"x":0.167,"y":0.167},"i":{"x":0.833,"y":0.833},"s":[{"c":true,"i":[[0,0],[-3.561,-11.554],[-9.507,-10.482],[-9.099,-5.775],[-1.783,-1.464],[-0.239,-0.694],[-0.612,-3.484],[0.186,-2.749],[0.689,-3.906],[0.752,-3.778],[1.401,-9.991],[-2.641,-10.19],[-6.726,4.589],[-1.003,10.736],[-0.057,4.449],[0.034,2.195],[0.117,8.947],[-0.116,8.374],[-1.281,3.798],[-3.112,2.245],[-6.758,5.974],[-4.852,10.519],[-1.704,12.539],[0,0]],"o":[[0,0],[4.168,13.523],[7.24,7.983],[1.948,1.236],[0.567,0.466],[1.152,3.345],[0.477,2.714],[-0.268,3.957],[-0.669,3.794],[-1.97,9.894],[-1.462,10.425],[2.043,7.882],[8.907,-6.076],[0.414,-4.43],[0.028,-2.195],[-0.137,-8.946],[-0.109,-8.374],[0.056,-4.007],[1.226,-3.636],[7.316,-5.277],[8.68,-7.673],[5.3,-11.491],[0.654,-4.815],[0,0]],"v":[[-60.5,-81.25],[-59.25,-45],[-38,-8.25],[-10.5,8.75],[-4.872,12.778],[-3.5,14.5],[-0.75,24.75],[-0.25,33],[-2.103,44.753],[-4.321,56.095],[-10.269,85.77],[-12.896,117.242],[2.75,136],[6.673,103.892],[6.997,90.548],[6.928,83.963],[6.485,57.124],[6.25,32],[7,20],[13.5,10.5],[37.5,-2],[58.75,-29.5],[67.25,-66.5],[65.75,-81]]}],"t":5},{"o":{"x":0.167,"y":0.167},"i":{"x":0.667,"y":1},"s":[{"c":true,"i":[[0,0],[-2.489,-6.314],[-9.507,-10.482],[-9.099,-5.775],[-1.783,-1.464],[-0.239,-0.694],[-0.612,-3.484],[0.116,-2.753],[1.225,-8.55],[5.117,-5.67],[5.377,-5.133],[-3.47,-2.456],[-7.187,0.168],[-5.623,4.568],[7.87,5.199],[4.533,4.574],[0.714,8.632],[0.253,12.359],[-1.281,3.798],[-3.112,2.245],[-6.758,5.974],[-5.7,10.085],[-1.399,5.738],[0,0]],"o":[[0,0],[5.19,13.164],[7.24,7.983],[1.948,1.236],[0.567,0.466],[1.152,3.345],[0.477,2.714],[-0.445,10.541],[-1.042,7.267],[-6.6,7.313],[-5.446,5.198],[5.868,4.152],[7.242,-0.17],[3.407,-2.768],[-6.655,-4.396],[-4.676,-4.719],[-0.837,-10.114],[-0.082,-4.007],[1.226,-3.636],[7.316,-5.277],[8.68,-7.673],[2.906,-5.142],[1.466,-6.014],[0,0]],"v":[[-60.5,-65.323],[-59.25,-45],[-38,-8.25],[-10.5,8.75],[-4.872,12.778],[-3.5,14.5],[-0.75,24.75],[-0.25,33],[-2.432,64.577],[-8.531,90.778],[-39.749,105.929],[-56.669,136.727],[2.75,136],[62.596,133.932],[42.42,103.773],[11.915,100.454],[8.003,69.044],[6.25,32],[7,20],[13.5,10.5],[37.5,-2],[58.75,-29.5],[62.791,-46.751],[67.343,-64.755]]}],"t":7},{"o":{"x":0.167,"y":0.167},"i":{"x":0.667,"y":1},"s":[{"c":true,"i":[[0,0],[-1.601,-3.416],[-9.507,-10.482],[-9.099,-5.775],[-1.783,-1.464],[-0.239,-0.694],[-0.612,-3.484],[0.101,-2.753],[1.397,-10.143],[7.222,-5.563],[5.938,-3.215],[0,0],[0,0],[0,0],[4.915,2.568],[5.574,3.68],[0.899,8.224],[0.49,14.629],[-1.281,3.798],[-3.112,2.245],[-6.758,5.974],[-6.508,9.584],[-0.708,1.936],[0,0]],"o":[[0,0],[6.006,12.813],[7.24,7.983],[1.948,1.236],[0.567,0.466],[1.152,3.345],[0.477,2.714],[-0.523,14.303],[-1.16,8.421],[-9.345,7.199],[-2.408,1.304],[0,0],[0,0],[0,0],[-9.254,-4.836],[-4.02,-2.654],[-1.143,-10.461],[-0.134,-4.006],[1.226,-3.636],[7.316,-5.277],[8.68,-7.673],[1.158,-1.705],[2.464,-6.744],[0,0]],"v":[[-60.5,-56.25],[-59.25,-45],[-38,-8.25],[-10.5,8.75],[-4.872,12.778],[-3.5,14.5],[-0.75,24.75],[-0.25,33],[-2.619,75.871],[-10.93,110.537],[-56.544,117.413],[-58.061,136.055],[2.75,136],[65.808,136.527],[62.6,111.307],[14.756,109.85],[8.868,75.835],[6.25,32],[7,20],[13.5,10.5],[37.5,-2],[58.75,-29.5],[60.25,-35.5],[68.25,-55.5]]}],"t":9},{"o":{"x":0.167,"y":0.167},"i":{"x":0.667,"y":1},"s":[{"c":true,"i":[[0,0],[-1.567,-2.809],[-5.171,-4.447],[-9.099,-5.775],[-1.783,-1.464],[-0.239,-0.694],[-0.087,-3.536],[2.045,-13.438],[6.495,-4.038],[8.083,-2.909],[1.025,-3.437],[0,0],[0,0],[0,0],[0.778,4.239],[1.892,2.484],[5.764,0.758],[3.887,7.697],[0.074,23.276],[-3.111,2.246],[-3.606,1.746],[-3.769,3.095],[-3.137,4.421],[0,0]],"o":[[0,0],[3.322,5.956],[8.171,7.026],[1.948,1.236],[0.567,0.466],[1.152,3.345],[0.333,13.588],[-1.574,10.343],[-6.951,4.322],[-5.896,2.122],[-0.99,3.317],[0,0],[0,0],[0,0],[-0.881,-4.801],[-1.957,-2.569],[-6.443,-0.847],[-10.492,-20.777],[-0.012,-3.837],[3.248,-2.346],[4.389,-2.125],[4.19,-3.44],[4.273,-6.02],[0,0]],"v":[[-52.5,-34.25],[-49.75,-25],[-38,-8.25],[-10.5,8.75],[-4.872,12.778],[-3.5,14.5],[-0.75,24.75],[-2.25,65.5],[-11.516,95.487],[-44.93,92.037],[-58.544,112.413],[-58.061,136.055],[2.75,136],[65.808,136.527],[64.6,116.807],[58.256,95.35],[38.758,82.886],[13.75,89.5],[7,20],[13.5,10.5],[25,7],[37.25,-1],[48.75,-12.5],[59.25,-32]]}],"t":14},{"o":{"x":0.167,"y":0.167},"i":{"x":0.667,"y":1},"s":[{"c":true,"i":[[0,0],[-1.518,-1.542],[-3.775,-4.634],[-0.834,-3.058],[-0.521,-1.766],[-0.018,-0.938],[0.328,-2.039],[3.435,-8.744],[4.949,-3.239],[5.353,-3.875],[0.793,-3.374],[0,0],[0,0],[0,0],[0.778,4.239],[1.623,2.668],[4.667,2.072],[4.739,4.994],[3.047,11.279],[0.112,5.883],[-0.57,2.012],[-1.151,2.094],[-1.967,1.992],[0,0]],"o":[[0,0],[4.193,4.259],[2.002,2.457],[0.485,1.777],[0.266,0.9],[0.039,2.065],[-1.492,9.276],[-2.958,7.53],[-5.269,3.449],[-4.905,3.551],[-0.792,3.37],[0,0],[0,0],[0,0],[-0.881,-4.801],[-1.474,-2.423],[-4.742,-2.105],[-8.042,-8.475],[-1.534,-5.681],[-0.04,-2.091],[0.651,-2.299],[1.348,-2.454],[2.545,-2.579],[0,0]],"v":[[-24.167,-1.97],[-21.954,4.134],[-7.592,14.868],[-5.63,24.172],[-3.649,29.329],[-3.284,32.121],[-3.478,38.315],[-8.733,66.006],[-22.271,86.152],[-47.568,91.428],[-58.544,112.413],[-58.061,136.055],[2.75,136],[65.808,136.527],[64.6,116.807],[58.256,95.35],[43.222,81.668],[22.679,79.557],[10.154,46.82],[9.076,29.2],[9.699,22.957],[12.691,16.442],[17.178,9.343],[25.985,2.973]]}],"t":15},{"o":{"x":0.167,"y":0.167},"i":{"x":0.667,"y":1},"s":[{"c":true,"i":[[0,0],[-0.601,-1.452],[-0.676,-2.532],[-0.041,-1.644],[0.064,-1.933],[0.312,-1.092],[0.515,-1.341],[4.007,-5.966],[4.359,-2.949],[4.074,-4.268],[0.67,-3.35],[0,0],[0,0],[0,0],[0.778,4.239],[1.453,2.764],[3.912,2.753],[5.63,3.143],[3.478,5.581],[1.543,7.473],[-0.072,1.423],[-0.177,1.102],[-0.009,0.892],[0,0]],"o":[[0,0],[1.002,2.421],[0.424,1.589],[0.048,1.933],[-0.038,1.135],[-0.395,1.382],[-2.576,6.709],[-4.014,5.977],[-4.657,3.15],[-4.121,4.317],[-0.679,3.394],[0,0],[0,0],[0,0],[-0.881,-4.801],[-1.236,-2.352],[-3.974,-2.797],[-5.742,-3.205],[-4.035,-6.476],[-0.288,-1.396],[0.056,-1.114],[0.142,-0.88],[0.022,-2.25],[0,0]],"v":[[-8.026,16.421],[-6.119,20.732],[-3.219,28.038],[-2.855,32.958],[-2.952,38.759],[-3.161,42.16],[-5.032,46.043],[-12.427,66.294],[-28.398,80.834],[-49.07,91.082],[-58.544,112.413],[-58.061,136.055],[2.75,136],[65.808,136.527],[64.6,116.807],[58.256,95.35],[45.766,80.974],[27.765,73.892],[11.951,62.099],[6.556,39.853],[6.476,35.579],[6.94,32.264],[7.433,29.635],[7.034,22.897]]}],"t":16},{"o":{"x":0.167,"y":0.167},"i":{"x":0.833,"y":0.833},"s":[{"c":true,"i":[[0,0],[0.403,0.134],[0.63,-0.076],[1.493,-0.145],[2.026,-0.443],[0.617,-0.251],[2.741,-1.37],[4.357,-3.077],[3.073,-3.685],[1.833,-5.038],[0.241,-3.243],[0,0],[0,0],[0,0],[0.43,4.288],[0.932,3.132],[3.365,4.452],[4.512,3.802],[1.661,1.224],[1.817,0.562],[1.764,0.526],[1.82,1.424],[0.433,0.3],[0,0]],"o":[[0,0],[-0.602,-0.201],[-1.489,0.179],[-2.064,0.2],[-0.651,0.142],[-2.838,1.155],[-4.771,2.385],[-5.362,3.786],[-3.272,3.923],[-1.943,5.338],[-0.256,3.452],[0,0],[0,0],[0,0],[-0.509,-5.082],[-0.884,-2.972],[-2.681,-3.547],[-1.578,-1.33],[-1.531,-1.128],[-1.759,-0.544],[-2.215,-0.66],[-0.415,-0.325],[-2.087,-1.445],[0,0]],"v":[[7.5,47.25],[7.75,46],[6,46.75],[1.5,46.75],[-4.634,47.783],[-6.5,48.5],[-15,52],[-29,59.75],[-44.016,72.486],[-54.68,90.537],[-58.544,112.413],[-58.061,136.055],[2.75,136],[65.808,136.527],[64.6,116.807],[61.506,93.6],[51.758,73.635],[38,62.5],[33.5,58.25],[28.5,55.5],[23,55],[16.75,52],[17.25,50.5],[10.25,47.5]]}],"t":18.000000733155}],"ix":2}},{"ty":"fl","bm":0,"cl":"","ln":"","hd":false,"mn":"ADBE Vector Graphic - Fill","nm":"Fill 1","c":{"a":0,"k":[0.0196,0.7098,0.0392],"ix":4},"r":1,"o":{"a":0,"k":100,"ix":5}},{"ty":"tr","a":{"a":0,"k":[0,0],"ix":1},"s":{"a":0,"k":[100,100],"ix":3},"sk":{"a":0,"k":0,"ix":4},"p":{"a":0,"k":[0,0],"ix":2},"r":{"a":0,"k":0,"ix":6},"sa":{"a":0,"k":0,"ix":5},"o":{"a":0,"k":100,"ix":7}}]}],"ind":2,"parent":3},{"ty":4,"nm":"Timer Outlines","mn":"","sr":1,"st":0,"op":300.00001221925,"ip":0,"hd":false,"cl":"","ln":"","ddd":0,"bm":0,"hasMask":false,"ao":0,"ks":{"a":{"a":0,"k":[253.025,278.22,0],"ix":1},"s":{"a":0,"k":[100,100,100],"ix":6},"sk":{"a":0,"k":0},"p":{"a":0,"k":[253.025,278.22,0],"ix":2},"r":{"a":1,"k":[{"o":{"x":0.333,"y":0},"i":{"x":0.667,"y":1},"s":[0],"t":23},{"o":{"x":0.167,"y":0.167},"i":{"x":0.833,"y":0.833},"s":[180],"t":28.0000011404634}],"ix":10},"sa":{"a":0,"k":0},"o":{"a":0,"k":100,"ix":11}},"ef":[],"shapes":[{"ty":"gr","bm":0,"cl":"","ln":"","hd":false,"mn":"ADBE Vector Group","nm":"Group 3","ix":1,"cix":2,"np":2,"it":[{"ty":"sh","bm":0,"cl":"","ln":"","hd":false,"mn":"ADBE Vector Shape - Group","nm":"Path 1","ix":1,"d":1,"ks":{"a":0,"k":{"c":true,"i":[[0,-41.149],[1.38,-6.94],[0,0],[0,7.45],[-30.611,11.801],[-0.011,0],[0,0],[-1.759,0.5],[0,4.141],[2.799,2.071],[1.869,0.74],[0,41.04],[-1.349,6.87],[0,0],[0,-7.37],[30.491,-11.88],[1.93,-0.55],[0,-4.02],[-2.929,-2.05],[-1.71,-0.66],[-0.011,-0.01]],"o":[[0,7.45],[0,0],[-1.381,-6.94],[0,-41.149],[0.009,-0.01],[0,0],[1.701,-0.67],[2.931,-2.05],[0,-4.02],[-1.931,-0.55],[-30.491,-11.88],[0,-7.37],[0,0],[1.35,6.87],[0,41.04],[-1.87,0.74],[-2.801,2.071],[0,4.141],[1.761,0.5],[0.01,0],[30.609,11.801]],"v":[[75.706,99.21],[73.595,120.84],[-73.594,120.84],[-75.705,99.21],[-22.904,11.42],[-22.884,11.41],[-22.876,11.41],[-21.123,9.66],[-16.243,-0.16],[-20.882,-9.8],[-26.572,-11.729],[-75.705,-99.43],[-73.645,-120.84],[73.645,-120.84],[75.706,-99.43],[25.645,-11.729],[19.956,-9.8],[15.314,-0.16],[20.195,9.66],[22.895,11.41],[25.416,11.42]]},"ix":2}},{"ty":"st","bm":0,"cl":"","ln":"","hd":false,"mn":"ADBE Vector Graphic - Stroke","nm":"Stroke 1","lc":1,"lj":1,"ml":10,"o":{"a":0,"k":100,"ix":4},"w":{"a":0,"k":9,"ix":5},"d":[],"c":{"a":0,"k":[0.1373,0.1216,0.1255],"ix":3}},{"ty":"tr","a":{"a":0,"k":[0,0],"ix":1},"s":{"a":0,"k":[100,100],"ix":3},"sk":{"a":0,"k":0,"ix":4},"p":{"a":0,"k":[253.025,278.22],"ix":2},"r":{"a":0,"k":0,"ix":6},"sa":{"a":0,"k":0,"ix":5},"o":{"a":0,"k":100,"ix":7}}]}],"ind":3},{"ty":4,"nm":"Timer Outlines","mn":"","sr":1,"st":0,"op":300.00001221925,"ip":0,"hd":false,"cl":"","ln":"","ddd":0,"bm":0,"hasMask":false,"ao":0,"ks":{"a":{"a":0,"k":[250,250,0],"ix":1},"s":{"a":0,"k":[100,100,100],"ix":6},"sk":{"a":0,"k":0},"p":{"a":0,"k":[256.05,306.439,0],"ix":2},"r":{"a":0,"k":-180,"ix":10},"sa":{"a":0,"k":0},"o":{"a":0,"k":100,"ix":11}},"ef":[],"shapes":[{"ty":"gr","bm":0,"cl":"","ln":"","hd":false,"mn":"ADBE Vector Group","nm":"Group 1","ix":1,"cix":2,"np":3,"it":[{"ty":"sh","bm":0,"cl":"","ln":"","hd":false,"mn":"ADBE Vector Shape - Group","nm":"Path 1","ix":1,"d":1,"ks":{"a":0,"k":{"c":false,"i":[[0,0],[0,0]],"o":[[0,0],[0,0]],"v":[[165.627,157.38],[339.861,157.38]]},"ix":2}},{"ty":"st","bm":0,"cl":"","ln":"","hd":false,"mn":"ADBE Vector Graphic - Stroke","nm":"Stroke 1","lc":2,"lj":1,"ml":10,"o":{"a":0,"k":100,"ix":4},"w":{"a":0,"k":9,"ix":5},"d":[],"c":{"a":0,"k":[0.1373,0.1216,0.1255],"ix":3}},{"ty":"fl","bm":0,"cl":"","ln":"","hd":false,"mn":"ADBE Vector Graphic - Fill","nm":"Fill 1","c":{"a":0,"k":[1,1,1],"ix":4},"r":1,"o":{"a":0,"k":100,"ix":5}},{"ty":"tr","a":{"a":0,"k":[0,0],"ix":1},"s":{"a":0,"k":[100,100],"ix":3},"sk":{"a":0,"k":0,"ix":4},"p":{"a":0,"k":[0,0],"ix":2},"r":{"a":0,"k":0,"ix":6},"sa":{"a":0,"k":0,"ix":5},"o":{"a":0,"k":100,"ix":7}}]},{"ty":"gr","bm":0,"cl":"","ln":"","hd":false,"mn":"ADBE Vector Group","nm":"Group 2","ix":2,"cix":2,"np":3,"it":[{"ty":"sh","bm":0,"cl":"","ln":"","hd":false,"mn":"ADBE Vector Shape - Group","nm":"Path 1","ix":1,"d":1,"ks":{"a":0,"k":{"c":false,"i":[[0,0],[0,0]],"o":[[0,0],[0,0]],"v":[[165.627,399.06],[339.861,399.06]]},"ix":2}},{"ty":"st","bm":0,"cl":"","ln":"","hd":false,"mn":"ADBE Vector Graphic - Stroke","nm":"Stroke 1","lc":2,"lj":1,"ml":10,"o":{"a":0,"k":100,"ix":4},"w":{"a":0,"k":9,"ix":5},"d":[],"c":{"a":0,"k":[0.1373,0.1216,0.1255],"ix":3}},{"ty":"fl","bm":0,"cl":"","ln":"","hd":false,"mn":"ADBE Vector Graphic - Fill","nm":"Fill 1","c":{"a":0,"k":[1,1,1],"ix":4},"r":1,"o":{"a":0,"k":100,"ix":5}},{"ty":"tr","a":{"a":0,"k":[0,0],"ix":1},"s":{"a":0,"k":[100,100],"ix":3},"sk":{"a":0,"k":0,"ix":4},"p":{"a":0,"k":[0,0],"ix":2},"r":{"a":0,"k":0,"ix":6},"sa":{"a":0,"k":0,"ix":5},"o":{"a":0,"k":100,"ix":7}}]},{"ty":"gr","bm":0,"cl":"","ln":"","hd":false,"mn":"ADBE Vector Group","nm":"Group 5","ix":3,"cix":2,"np":3,"it":[{"ty":"sh","bm":0,"cl":"","ln":"","hd":false,"mn":"ADBE Vector Shape - Group","nm":"Path 1","ix":1,"d":1,"ks":{"a":0,"k":{"c":true,"i":[[0,-41.149],[1.38,-6.94],[0,0],[0,7.45],[-30.611,11.801],[-0.011,0],[0,0],[-1.759,0.5],[0,4.141],[2.799,2.071],[1.869,0.74],[0,41.04],[-1.349,6.87],[0,0],[0,-7.37],[30.491,-11.88],[1.93,-0.55],[0,-4.02],[-2.929,-2.05],[-1.71,-0.66],[-0.011,-0.01]],"o":[[0,7.45],[0,0],[-1.381,-6.94],[0,-41.149],[0.009,-0.01],[0,0],[1.701,-0.67],[2.931,-2.05],[0,-4.02],[-1.931,-0.55],[-30.491,-11.88],[0,-7.37],[0,0],[1.35,6.87],[0,41.04],[-1.87,0.74],[-2.801,2.071],[0,4.141],[1.761,0.5],[0.01,0],[30.609,11.801]],"v":[[75.706,99.21],[73.595,120.84],[-73.594,120.84],[-75.705,99.21],[-22.904,11.42],[-22.884,11.41],[-22.876,11.41],[-17.686,9.66],[-12.805,-0.16],[-17.445,-9.8],[-23.134,-11.729],[-75.705,-99.43],[-73.645,-120.84],[73.645,-120.84],[75.706,-99.43],[23.145,-11.729],[17.456,-9.8],[12.814,-0.16],[17.694,9.66],[22.895,11.41],[22.915,11.42]]},"ix":2}},{"ty":"st","bm":0,"cl":"","ln":"","hd":false,"mn":"ADBE Vector Graphic - Stroke","nm":"Stroke 1","lc":1,"lj":1,"ml":10,"o":{"a":0,"k":100,"ix":4},"w":{"a":0,"k":9,"ix":5},"d":[],"c":{"a":0,"k":[0.1373,0.1216,0.1255],"ix":3}},{"ty":"fl","bm":0,"cl":"","ln":"","hd":false,"mn":"ADBE Vector Graphic - Fill","nm":"Fill 1","c":{"a":0,"k":[1,1,1],"ix":4},"r":1,"o":{"a":0,"k":100,"ix":5}},{"ty":"tr","a":{"a":0,"k":[0,0],"ix":1},"s":{"a":0,"k":[100,100],"ix":3},"sk":{"a":0,"k":0,"ix":4},"p":{"a":0,"k":[253.025,278.22],"ix":2},"r":{"a":0,"k":0,"ix":6},"sa":{"a":0,"k":0,"ix":5},"o":{"a":0,"k":100,"ix":7}}]}],"ind":4,"parent":3}],"id":"comp_0"}]}